first_name,last_name,details
Maggee,Brisker,scelerisque quam turpis adipiscing lorem
Gisella,Ratnage,in leo maecenas pulvinar lobortis est phasellus sit
Eunice,Gorick,maecenas tincidunt lacus
Murielle,Berriman,mattis nibh ligula nec sem duis aliquam convallis
Catlaina,Holdall,et ultrices
Evan,Krienke,placerat praesent blandit
Kim,D'Angeli,id mauris vulputate
Johnny,Ewers,augue vestibulum
Gabriella,Linacre,elit sodales scelerisque mauris sit amet eros suspendisse
Jarrad,Ewbanche,sed ante vivamus tortor duis mattis egestas
Eleanor,McArdell,sapien sapien non mi
Lise,Behrens,sapien quis libero nullam sit amet
Sula,Rollin,a feugiat et
Karlik,Flatte,dui vel nisl duis ac nibh fusce lacus
Melisent,Pointin,posuere cubilia curae mauris viverra
Viole,Wedgwood,nibh in hac habitasse
Dion,MacBain,maecenas ut massa quis augue luctus tincidunt
Colin,McKeaveney,quis libero nullam sit amet turpis elementum ligula
Nicki,Swinford,nunc donec quis
Randie,Beers,posuere nonummy integer
Marleen,Keller,id lobortis convallis tortor risus dapibus augue vel
Carita,Tarply,iaculis congue
Tyson,Cristofalo,porttitor id
Britni,Killiner,at diam nam tristique
Richard,Lamswood,cubilia curae mauris viverra diam vitae
Padget,Beggi,ante ipsum primis in faucibus orci luctus
Ive,Gethouse,suscipit nulla elit
Ted,Rentcome,donec posuere metus
Freddi,MacKessock,iaculis congue vivamus metus arcu adipiscing molestie hendrerit
Norma,Farenden,ut odio
Constanta,Pluck,semper interdum mauris ullamcorper purus sit amet nulla
Aeriell,Wheeldon,tempus sit amet sem fusce consequat nulla nisl
Moina,Daice,donec vitae nisi
Callean,Flatt,nulla integer pede justo lacinia eget tincidunt eget
Joan,Tomasoni,tempus vivamus in
Raynard,Crook,primis in faucibus orci luctus et
Lee,Brunstan,nec molestie sed justo pellentesque viverra pede
Georgette,Dooney,metus vitae ipsum aliquam
Chen,Carrier,id consequat in consequat ut nulla
Alfy,Rembrant,elit ac nulla sed vel
Darleen,Aarons,cubilia curae donec pharetra
Portia,Bygreaves,nunc rhoncus dui vel sem sed sagittis
Byrom,Hallibone,est donec odio
Tracie,Flori,sodales sed tincidunt eu
Orelee,Battrick,eleifend quam a odio in hac habitasse
Curt,Ferneley,ut nulla sed accumsan felis
Robinetta,Bluett,vestibulum eget vulputate
Nessi,Grindlay,semper porta volutpat quam pede lobortis ligula sit
Nikolaos,Ralph,non mauris
Hartley,Balderson,erat vestibulum sed magna at nunc commodo
Carce,Wyne,consectetuer eget rutrum
Lexie,Milner,dictumst morbi vestibulum velit
Gerhardine,Flather,molestie hendrerit at vulputate vitae
Mycah,Crowther,velit id pretium
Alejandra,Broomhall,turpis nec euismod scelerisque quam turpis adipiscing lorem
Marin,O'Lunney,vel nulla eget eros elementum
Robinson,Nizet,condimentum curabitur in libero ut
Raff,Suatt,tristique in tempus sit
Maribelle,Bulloch,nulla quisque arcu libero
Yuma,Westberg,pretium quis lectus
Hettie,Moorwood,nullam sit
Lucky,Fardell,cras non velit nec nisi vulputate nonummy maecenas
Alleen,Wainscot,massa donec dapibus
Rad,Rupprecht,sapien ut nunc vestibulum ante ipsum primis
Letta,Blackwood,posuere nonummy
Manolo,Rohloff,nisl duis ac nibh fusce lacus purus aliquet
Martynne,Brettoner,volutpat dui maecenas tristique est
Timi,Stenett,semper est quam pharetra
Reggi,Joerning,et ultrices posuere cubilia curae donec
Cyndia,Codron,cum sociis natoque penatibus et magnis dis parturient
Ginnie,Pietroni,in congue etiam justo etiam pretium
Consuelo,Antonchik,aliquam non mauris morbi non
Malissa,Lavery,nisi vulputate nonummy maecenas tincidunt
Sammy,Baline,et tempus semper est quam
Bernie,Very,tellus nulla ut erat
Sonni,Laffoley-Lane,sapien sapien non mi integer ac
Albina,Ingrey,convallis nunc proin at turpis a pede
Alexandro,Ollin,fermentum donec ut mauris
Calv,Culpin,phasellus id sapien in sapien iaculis
Adriane,Bramwell,gravida nisi at
Horton,Merrick,sapien sapien
Amelia,Benasik,at turpis a pede posuere nonummy integer
Katine,Hartzog,elementum in
Philippine,Renehan,amet sem fusce
Hannis,Clerke,donec pharetra
Kassie,Scherer,et tempus semper est quam
Jodie,Safont,diam cras pellentesque volutpat dui
Ardeen,Bullon,commodo vulputate justo in blandit
Flora,Bellison,tincidunt eu felis fusce
Leontine,Bruckman,nisl duis bibendum
Ignatius,Fellibrand,ipsum primis in
Ardelia,Abbott,morbi vestibulum velit id pretium iaculis diam
Brade,Tomsu,cursus vestibulum proin eu mi nulla
Finley,Barnewelle,elit proin risus praesent
Ahmed,Pettegree,nec sem duis aliquam
Idette,Wragge,pellentesque eget nunc donec
Veronika,Firks,mauris morbi non
Doug,Lillicrop,commodo vulputate justo in
Joeann,Haslin,pulvinar lobortis est phasellus sit amet erat nulla
Di,Eddleston,mauris non ligula pellentesque ultrices
Florri,Symes,nisi venenatis tristique fusce
Octavia,Ayre,at velit vivamus vel
Rica,Whorlow,primis in faucibus orci luctus et ultrices
Chas,Purvess,nulla sed vel enim sit amet nunc
Leslie,Dyneley,aliquet ultrices erat tortor sollicitudin mi sit
Raphael,MacAloren,eros viverra eget congue eget semper
Ania,Castillo,leo maecenas pulvinar lobortis est phasellus sit
Corbet,Fayerbrother,sit amet nunc viverra dapibus nulla
Aurlie,Clemenzi,gravida sem praesent id
Arnold,Baptist,velit eu est congue elementum
Wolf,Rosthorn,dictumst morbi vestibulum velit id
Merrick,Fossick,libero quis orci
Arlette,Gartell,dui maecenas tristique est et tempus
Cassaundra,Ranger,vivamus vestibulum sagittis sapien cum sociis natoque penatibus
Antonio,Moncreiff,libero nullam sit amet turpis elementum ligula vehicula
Millisent,Brydie,dolor vel est donec
Agnella,Fellini,justo maecenas rhoncus aliquam lacus morbi quis tortor
Noland,Swancock,sem mauris laoreet ut rhoncus aliquet pulvinar sed
Mac,Peek,consequat morbi a ipsum integer a nibh
Saunders,Cloke,blandit ultrices enim lorem ipsum dolor sit
Mic,Jerson,quam pede lobortis ligula sit
Adler,Swinyard,semper rutrum nulla
Elwyn,Greenless,penatibus et magnis dis parturient montes nascetur
Cynthia,Foy,nulla integer pede justo lacinia eget tincidunt eget
Ninetta,Larrat,libero convallis
Carlie,Callaghan,eget tempus vel pede morbi
Aldon,Lemmer,adipiscing elit proin risus praesent lectus
Josy,Hayselden,consequat ut nulla sed accumsan felis
Chrisy,Chawkley,placerat ante nulla justo aliquam quis turpis eget
Dayna,Galton,ullamcorper purus sit amet nulla quisque arcu
Gaylor,Abbotson,in tempor turpis
Gratia,Wannan,pede ullamcorper augue a suscipit
Katee,Frazier,lacinia nisi venenatis tristique fusce congue diam id
Tobi,Dayer,adipiscing elit proin interdum mauris non
Brandyn,Godly,sapien urna pretium nisl
Staford,Hyne,vel accumsan tellus nisi
Gillie,Seabridge,justo aliquam quis turpis eget elit sodales
Celestine,Crispin,mattis pulvinar nulla pede ullamcorper augue a suscipit
Grace,Crocroft,enim sit amet nunc viverra dapibus nulla
Isobel,Wallice,faucibus accumsan odio curabitur convallis duis consequat dui
Gerrilee,Siddele,sapien varius ut blandit non interdum
Cahra,Ternault,nec sem duis aliquam convallis
Mord,Hartopp,nulla nisl nunc nisl
Maddi,Westmarland,quis orci eget orci
Cob,Luciano,ut erat curabitur gravida
Odo,Candie,ipsum primis in faucibus orci luctus et
Raimondo,Ellcock,amet justo morbi ut
Ingamar,Elcoat,mauris ullamcorper purus
Raynor,Shoubridge,ornare imperdiet
Nathalia,Bernakiewicz,vel pede morbi porttitor lorem id
Lissa,Kobes,amet sapien dignissim vestibulum vestibulum ante
Vania,Binch,cras pellentesque volutpat dui maecenas tristique
Ange,Tailour,duis faucibus accumsan odio
Justen,Lammerts,non velit nec nisi vulputate nonummy maecenas
Marysa,Pollett,nec nisi volutpat eleifend donec ut dolor morbi
Leandra,Bickerstaff,et ultrices posuere
Sherie,Gornal,at lorem integer tincidunt ante
Dyanne,Tatam,odio justo sollicitudin ut suscipit
Heinrik,Pummery,volutpat dui maecenas tristique est et tempus
Cammi,Aleksankov,vel enim
Victor,Haggerty,massa volutpat convallis morbi odio odio
Tiphanie,Teck,ante ipsum primis in faucibus
Bennett,Querrard,massa quis augue luctus tincidunt
Honoria,Froschauer,nascetur ridiculus mus vivamus vestibulum sagittis sapien
Dottie,Caudelier,elementum in hac habitasse platea dictumst
Lalo,Pendrigh,eget vulputate ut ultrices
Alvie,Jacobsen,vestibulum ac
Michelle,Delatour,quisque porta volutpat erat quisque erat eros viverra
Leelah,Cowap,amet nunc
Leticia,de Banke,ut at
Justis,Butts,amet sem fusce consequat
Darla,Bale,justo sollicitudin ut
Had,Corrin,vitae quam suspendisse potenti
Andria,Sherwen,suspendisse potenti nullam porttitor lacus at turpis
Xylia,Mitchall,vulputate elementum nullam varius nulla facilisi
Francklyn,Ackred,lobortis ligula sit amet eleifend pede libero
Retha,Kmicicki,faucibus orci luctus et
Ernst,Bensen,id mauris vulputate elementum nullam varius nulla facilisi
Darla,Felipe,maecenas pulvinar lobortis est phasellus sit amet erat
Waneta,Danielli,natoque penatibus et magnis dis parturient montes nascetur
Doti,Olivetti,augue vestibulum
Joceline,Nicklinson,ultrices aliquet maecenas leo odio condimentum id
Lovell,Sket,pede posuere nonummy integer non
Field,Euesden,pede malesuada in imperdiet et commodo vulputate
Sarah,Holehouse,in est risus auctor sed tristique in tempus
Andrei,Borthwick,vulputate luctus
Opaline,Fransewich,quis tortor id nulla ultrices aliquet maecenas
Constantine,Steanyng,maecenas tincidunt lacus at velit vivamus vel
Leandra,Mulqueen,nulla tellus in sagittis dui vel nisl duis
Anne,Pentin,eu magna vulputate luctus
Jamey,Aronovitz,dictumst etiam faucibus cursus
Marysa,Enrique,vel dapibus at diam nam tristique tortor
Caryn,Reyne,felis donec
Dave,Segebrecht,bibendum morbi non quam nec dui luctus rutrum
Gill,Sore,id lobortis
Katleen,Stollenberg,integer pede justo lacinia eget tincidunt eget
Koenraad,Iacobo,ante ipsum primis in faucibus orci
Inger,O'Carran,sed accumsan felis
Juliet,Dupoy,duis aliquam convallis
Ethelin,Ducker,ullamcorper augue
